,word,count
0,about,1226734006
1,other,978481319
2,which,810514085
3,their,782849411
4,there,701170205
5,first,578161543
6,would,572644147
7,these,541003982
8,click,536746424
9,price,501651226
10,state,453104133
11,email,443949646
12,world,431934249
13,music,414028837
14,after,372948094
15,video,365410017
16,where,360468339
17,order,336631187
18,group,321842984
19,under,313296421
20,could,302311431
21,great,301487430
22,hotel,297974790
23,store,291308910
24,right,273620358
25,local,270742935
26,those,270014141
27,using,269448880
28,phone,256643812
29,forum,254478181
30,black,244690155
31,check,244491090
32,index,242826246
33,being,242783091
34,women,242520455
35,today,239271204
36,south,238581133
37,found,232005894
38,house,231310420
39,photo,227125249
40,power,226596368
41,while,226194991
42,three,223417394
43,total,222649459
44,place,220970235
45,think,217856550
46,north,217809513
47,media,216432510
48,water,215178488
49,since,214302926
50,guide,213378807
51,board,212361059
52,white,209863729
53,small,208371878
54,level,202563642
55,image,197874283
56,title,196676017
57,shall,191963867
58,class,191087771
59,still,190433487
60,money,190205072
61,every,189325890
62,visit,187062316
63,reply,184777992
64,value,182061247
65,press,179652730
66,learn,179428286
67,print,178250872
68,stock,176295589
69,point,175527859
70,large,165863763
71,table,165341452
72,start,161913408
73,model,161205740
74,human,160573748
75,movie,158421100
76,march,158281269
77,going,155284081
78,study,152978354
79,staff,151553180
80,again,150781416
81,never,149556758
82,topic,149001702
83,below,145701629
84,party,144707500
85,login,144200144
86,legal,142048771
87,above,141894620
88,quote,139242226
89,story,138433809
90,young,136341684
91,field,135289140
92,paper,134939426
93,night,130531484
94,poker,129054826
95,issue,128427156
96,range,128314924
97,court,127719981
98,audio,127014703
99,light,126699632
100,write,126645151
101,offer,126228968
102,given,125542966
103,event,125515260
104,china,124472054
105,might,123196001
106,month,123027963
107,major,122592252
108,space,121505269
109,child,119747393
110,enter,119394206
111,share,119294241
112,radio,113285624
113,until,113090086
114,color,112965658
115,track,112385243
116,least,111229798
117,trade,110086585
118,green,108287905
119,close,107853068
120,drive,107799371
121,short,106755242
122,daily,105837757
123,beach,105642682
124,style,101024266
125,front,100886343
126,early,100013194
127,sound,100010833
128,final,97649084
129,adult,97583096
130,thing,97451660
131,cheap,97049762
132,third,95489240
133,cover,94501729
134,often,92551460
135,watch,92006970
136,heart,90249265
137,error,89396475
138,clear,88447610
139,taken,87019836
140,known,86395556
141,quick,85584600
142,whole,85202530
143,later,84857974
144,basic,84840226
145,along,83444756
146,among,83431590
147,death,83216831
148,speed,83135749
149,brand,82807581
150,stuff,81444510
151,doing,80821946
152,entry,80717798
153,force,79199815
154,river,78843808
155,album,77914316
156,build,77203075
157,apply,76341478
158,cross,74230978
159,lower,72606927
160,union,72603888
161,leave,70957750
162,woman,70613606
163,cable,70082598
164,score,69315004
165,shown,68755779
166,flash,68391647
167,allow,67052567
168,super,66703287
169,cause,65904680
170,focus,65626732
171,voice,64600528
172,brown,64112042
173,glass,63559754
174,happy,63471922
175,smith,63357901
176,thank,63234550
177,prior,62949059
178,sport,62683851
179,ready,62667516
180,round,61836702
181,built,61502894
182,blood,61348302
183,earth,61059905
184,basis,59901425
185,award,59652161
186,extra,59377307
187,quite,58777731
188,horse,58453720
189,owner,58189056
190,bring,57608074
191,input,57191675
192,agent,57103658
193,valid,57094711
194,grand,56599468
195,trial,56547673
196,wrote,56421594
197,metal,56181783
198,guest,55293215
199,trust,55157142
200,grade,54275130
201,panel,53784382
202,floor,53759851
203,match,53532481
204,plant,53247607
205,sense,52629633
206,stage,52518330
207,maybe,51895609
208,youth,51426255
209,break,51242970
210,dance,51147967
211,apple,50551171
212,enjoy,50141455
213,block,49694725
214,civil,49495349
215,steel,49452604
216,wrong,49156828
217,fully,48616832
218,worth,48075237
219,peace,47856201
220,coast,47716394
221,grant,47609624
222,agree,47500911
223,scale,46307526
224,stand,46292709
225,frame,46079991
226,chief,45699591
227,heard,45436523
228,begin,45434902
229,royal,45407189
230,clean,45381752
231,bible,45080741
232,suite,44829675
233,piece,44298807
234,sheet,44295187
235,seven,44224906
236,older,44222089
237,whose,43634263
238,stone,42494931
239,buyer,42024703
240,label,41359857
241,canon,41144763
242,waste,41089558
243,chair,40764005
244,phase,40722940
245,motor,40615655
246,shirt,40501964
247,crime,40361756
248,count,40345803
249,claim,40085342
250,patch,39999745
251,alone,39326417
252,saint,38929141
253,joint,38827057
254,fresh,38781893
255,upper,38341510
256,prime,38308402
257,limit,38290292
258,began,38269468
259,creek,38159464
260,urban,38087999
261,labor,37866418
262,admin,37835381
263,heavy,37668153
264,solid,37426444
265,theme,37219937
266,touch,36831035
267,serve,36697856
268,magic,36676771
269,mount,36648260
270,smart,36636558
271,avoid,36508203
272,birth,36286070
273,virus,36286003
274,abuse,36269685
275,faith,35936559
276,chain,35928367
277,reach,35687918
278,sorry,35595812
279,gamma,35426622
280,truth,35345925
281,draft,35033621
282,chart,35027490
283,equal,34832354
284,funny,34281806
285,tried,34201786
286,harry,33867934
287,mouse,33667003
288,brain,33612784
289,dream,33518573
290,false,33476460
291,carry,33056477
292,hello,32960381
293,brief,32599674
294,eight,32567724
295,alert,32472727
296,queen,32366847
297,sweet,32311923
298,truck,32136249
299,ocean,31928741
300,depth,31879926
301,train,31816971
302,route,31439231
303,frank,31392284
304,anime,31334688
305,speak,31324712
306,query,31284313
307,rural,30998929
308,judge,30905832
309,fight,30784313
310,minor,29782623
311,spent,29719451
312,cycle,29585286
313,sleep,29491537
314,scene,29372413
315,drink,29254937
316,guess,28743465
317,ahead,28375319
318,delta,28051872
319,alpha,27832836
320,bonus,27819488
321,adobe,27538755
322,dress,27318959
323,refer,27099706
324,layer,26912270
325,spend,26713310
326,clock,26624872
327,ratio,26457942
328,proof,26305059
329,empty,26206017
330,ideal,26036289
331,cream,25898758
332,aware,25700328
333,shape,25675227
334,usage,25440406
335,exist,25349128
336,wheel,25342937
337,angel,25294123
338,width,25182453
339,noise,25171520
340,array,25150016
341,sharp,24904199
342,occur,24679212
343,coach,24514961
344,plate,24275560
345,logic,23989892
346,plain,23747230
347,trail,23648838
348,buddy,23611087
349,setup,23534848
350,scope,23349420
351,crazy,23032837
352,mouth,22880351
353,meter,22874915
354,fruit,22767191
355,sugar,22450333
356,stick,22399126
357,genre,22344091
358,slide,22339084
359,exact,22304937
360,bound,22303643
361,storm,22242164
362,micro,22219932
363,paint,21926890
364,delay,21911190
365,pilot,21909830
366,novel,21821189
367,ultra,21795075
368,truly,21693553
369,lodge,21541130
370,broad,21370126
371,guard,21137924
372,newly,21102330
373,raise,21099943
374,drama,20939845
375,lunch,20807419
376,audit,20786243
377,tower,20686918
378,shell,20599318
379,solar,20423792
380,catch,20400979
381,doubt,20311261
382,forth,20149609
383,split,19998411
384,twice,19945569
385,shift,19811555
386,treat,19442315
387,piano,19419956
388,teach,19079783
389,rapid,19070672
390,hairy,19060619
391,dutch,19000979
392,pulse,18893735
393,metro,18738665
394,strip,18711440
395,pearl,18707334
396,opera,18225169
397,asset,18178753
398,blank,18150537
399,humor,18085495
400,tight,17981854
401,meant,17832930
402,plane,17799728
403,grace,17642126
404,villa,17587586
405,inner,17552078
406,taste,17311343
407,cache,17250923
408,lease,17180592
409,proud,17167504
410,giant,17098874
411,alarm,17059844
412,usual,17044981
413,angle,17016075
414,vinyl,17009819
415,worst,16975343
416,honor,16787246
417,eagle,16785232
418,nurse,16772151
419,quiet,16746894
420,comic,16695850
421,crown,16651038
422,maker,16635947
423,crack,16633701
424,smoke,16567733
425,craft,16528294
426,apart,16507181
427,blind,16485480
428,gross,16440590
429,actor,16282891
430,fifth,16255266
431,prize,16204739
432,dirty,16101662
433,alive,16064787
434,prove,16046788
435,ridge,15993437
436,modem,15984492
437,skill,15835076
438,throw,15751985
439,trend,15747018
440,worse,15677739
441,fiber,15530318
442,graph,15526746
443,fraud,15378751
444,roger,15353411
445,crash,15302627
446,inter,15269346
447,grove,15189493
448,spray,15148133
449,mayor,15030847
450,yield,15022494
451,hence,14992334
452,radar,14982375
453,diary,14922472
454,baker,14862470
455,shock,14850388
456,ebony,14831025
457,drawn,14827380
458,beast,14787561
459,dodge,14768509
460,pizza,14763787
461,globe,14554904
462,ghost,14490042
463,pride,14428078
464,brass,14298573
465,plaza,14274314
466,quest,14258533
467,booty,14218854
468,venue,14204074
469,vital,14166642
470,excel,14133468
471,enemy,14084182
472,lucky,14053901
473,thick,14030556
474,vista,13991160
475,flood,13979267
476,arena,13966572
477,grown,13931521
478,smile,13893537
479,candy,13772033
480,tiger,13763074
481,boost,13675076
482,moral,13643598
483,pound,13620117
484,bread,13575360
485,tough,13560922
486,chest,13516414
487,billy,13515249
488,solve,13452150
489,sight,13360499
490,worry,13243591
491,glory,13158826
492,fault,13112664
493,rugby,12992179
494,fluid,12943336
495,devil,12869511
496,grass,12868953
497,manga,12774174
498,theft,12744763
499,swing,12734467
500,shoot,12695618
501,elite,12673836
502,robot,12656312
503,gnome,12609820
504,noble,12604679
505,shore,12568485
506,loose,12556710
507,horny,12363955
508,ralph,12190683
509,liver,12139363
510,decor,12098868
511,aging,12014007
512,intro,11938092
513,clerk,11923960
514,favor,11867822
515,sigma,11864409
516,aside,11768649
517,essay,11750312
518,trace,11697252
519,spoke,11577917
520,arrow,11563142
521,rough,11557184
522,weird,11556427
523,blade,11527988
524,robin,11423944
525,strap,11414669
526,crowd,11409218
527,cloud,11337220
528,valve,11325360
529,knife,11297715
530,shelf,11287023
531,adopt,11272339
532,outer,11245167
533,steam,11141309
534,acute,11128841
535,stood,11116275
536,carol,11109404
537,stack,11090579
538,curve,11071177
539,amber,11065507
540,trunk,11020361
541,camel,11005001
542,juice,10973425
543,chase,10971945
544,sauce,10968629
545,fewer,10792786
546,proxy,10773043
547,slave,10692715
548,haven,10569212
549,charm,10554644
550,basin,10544774
551,ranch,10539650
552,drunk,10519219
553,alien,10490554
554,broke,10460811
555,nylon,10410171
556,rocky,10404321
557,fleet,10364423
558,bunch,10355431
559,omega,10289113
560,civic,10283668
561,grill,10254124
562,grain,10244623
563,salon,10079006
564,turbo,10058686
565,reset,10021033
566,brush,10018684
567,spare,10009522
568,skirt,9981485
569,honey,9978043
570,gauge,9952466
571,sixth,9920054
572,cheat,9903572
573,sandy,9897487
574,macro,9885853
575,laugh,9822471
576,pitch,9800556
577,dozen,9776227
578,teeth,9769437
579,cloth,9764137
580,stamp,9760468
581,cargo,9748668
582,maple,9704551
583,depot,9688338
584,blend,9680982
585,probe,9643801
586,debug,9581095
587,chuck,9574825
588,bingo,9539002
589,sunny,9497382
590,cedar,9484993
591,mason,9461838
592,chose,9409845
593,blast,9387171
594,brake,9321885
595,olive,9298184
596,cyber,9289150
597,clone,9284578
598,relay,9275052
599,angry,9267505
600,lover,9234545
601,daddy,9211193
602,ferry,9208954
603,motel,9170238
604,rally,9155530
605,dying,9123557
606,stuck,9120620
607,vocal,9082826
608,organ,9077449
609,lemon,9066930
610,toxic,9065369
611,bench,8992211
612,rider,8987802
613,bobby,8964342
614,sheep,8962638
615,salad,8923706
616,paste,8913055
617,relax,8856944
618,sword,8835685
619,coral,8818272
620,pixel,8813200
621,float,8808655
622,dairy,8781961
623,admit,8780656
624,fancy,8777135
625,squad,8744772
626,chaos,8690268
627,wheat,8685589
628,unity,8657709
629,bride,8650665
630,begun,8636352
631,fever,8582665
632,rover,8537021
633,flame,8527495
634,spell,8506049
635,annex,8465905
636,argue,8353605
637,arise,8337093
638,chess,8293823
639,canal,8278196
640,lying,8260845
641,drill,8248787
642,hobby,8237250
643,trick,8208473
644,wider,8186703
645,screw,8177263
646,blame,8170544
647,fifty,8133138
648,uncle,8127694
649,randy,8110369
650,brick,8094369
651,naval,8091649
652,cabin,8052267
653,retro,8000179
654,anger,7991036
655,handy,7936655
656,guild,7923630
657,tribe,7890695
658,batch,7835050
659,alter,7831337
660,amend,7806844
661,chick,7771502
662,thong,7747699
663,medal,7747036
664,booth,7723310
665,breed,7716901
666,polar,7715471
667,patio,7627536
668,snake,7606395
669,berry,7551906
670,ought,7523238
671,timer,7488669
672,verse,7469512
673,nasty,7434847
674,tumor,7430480
675,forty,7415064
676,queue,7398569
677,welsh,7346867
678,belly,7346354
679,elder,7299470
680,sonic,7298920
681,thumb,7284386
682,twist,7240854
683,debut,7220643
684,penny,7162062
685,ivory,7146685
686,newer,7122879
687,spice,7120274
688,donor,7096675
689,trash,7092806
690,manor,7084688
691,disco,7067687
692,minus,7025364
693,shade,6996835
694,digit,6991045
695,lyric,6970278
696,grave,6929008
697,lobby,6887477
698,punch,6872844
699,karma,6862407
700,shake,6839319
701,holly,6834032
702,silly,6833654
703,mercy,6831149
704,fence,6796605
705,shame,6785296
706,fatal,6779744
707,flesh,6768724
708,sheer,6684477
709,witch,6671560
710,puppy,6662287
711,smell,6642666
712,satin,6620674
713,nerve,6567418
714,renew,6561081
715,rebel,6527810
716,slope,6469975
717,rehab,6460331
718,merit,6450895
719,condo,6444848
720,fairy,6435300
721,shaft,6431372
722,kitty,6414935
723,drain,6411642
724,panic,6396440
725,onion,6384730
726,merry,6367037
727,scuba,6366349
728,dried,6331606
729,derby,6319608
730,steal,6257493
731,alike,6220739
732,scout,6176157
733,dealt,6174968
734,badge,6145138
735,wrist,6143580
736,heath,6139151
737,realm,6122762
738,rouge,6084449
739,yeast,6083904
740,brook,6044943
741,armor,6001844
742,viral,5969493
743,laden,5964620
744,merge,5961585
745,sperm,5944531
746,frost,5940685
747,sally,5933047
748,yacht,5932756
749,whale,5928569
750,shark,5904454
751,cliff,5898886
752,tract,5897046
753,shine,5881862
754,ozone,5865280
755,pasta,5855460
756,serum,5854942
757,swift,5850031
758,inbox,5845223
759,focal,5844761
760,wound,5820050
761,belle,5820002
762,cubic,5774261
763,elect,5748899
764,bunny,5730050
765,flyer,5718564
766,climb,5697476
767,token,5672353
768,flush,5625285
769,jewel,5603871
770,teddy,5602073
771,dryer,5592001
772,funky,5587279
773,scary,5571680
774,tooth,5551049
775,drove,5545848
776,upset,5544484
777,lance,5509634
778,colon,5494297
779,purse,5488891
780,align,5478643
781,bless,5477461
782,crest,5477034
783,alloy,5468839
784,bloom,5456938
785,surge,5436623
786,spank,5416004
787,vault,5408483
788,orbit,5389062
789,bacon,5385205
790,spine,5370074
791,trout,5369048
792,fatty,5363547
793,oxide,5321340
794,badly,5290145
795,scoop,5272369
796,blink,5257629
797,fuzzy,5241931
798,forge,5226805
799,dense,5225392
800,brave,5221356
801,awful,5217370
802,wagon,5198530
803,knock,5196013
804,quilt,5187075
805,mambo,5164902
806,flour,5162842
807,choir,5156247
808,blond,5155053
809,burst,5147573
810,fibre,5134463
811,daisy,5124326
812,crude,5119129
813,safer,5085040
814,marsh,5073104
815,theta,5070673
816,stake,5061965
817,arbor,5057261
818,rifle,5047417
819,waist,5013500
820,sewer,5008805
821,resin,4966700
822,linen,4960413
823,decay,4956622
824,usher,4948609
825,skate,4932092
826,lynch,4920597
827,voter,4905374
828,urine,4903932
829,towel,4901668
830,crane,4888961
831,habit,4880657
832,coupe,4874541
833,sixty,4851534
834,spark,4842423
835,spike,4833410
836,tonga,4813052
837,sedan,4769270
838,flora,4756211
839,hardy,4748572
840,denim,4737554
841,glove,4714578
842,plush,4692870
843,adapt,4675567
844,stern,4643592
845,tutor,4635949
846,idiot,4635830
847,debit,4633794
848,raven,4630541
849,slice,4628779
850,pause,4606318
851,demon,4602331
852,couch,4581367
853,rogue,4576302
854,optic,4558869
855,chili,4553187
856,grief,4552843
857,sweat,4551615
858,quake,4544481
859,alley,4541475
860,loyal,4498834
861,renal,4494106
862,spite,4493143
863,imply,4491299
864,chill,4489643
865,liner,4486145
866,vivid,4479514
867,skull,4457991
868,ninja,4439780
869,steak,4413680
870,cobra,4412823
871,threw,4410853
872,ninth,4390562
873,marry,4388137
874,drake,4373046
875,fried,4364192
876,woody,4355633
877,cried,4352198
878,rival,4298220
879,homer,4281428
880,woven,4248524
881,rigid,4240019
882,salsa,4234056
883,blown,4229918
884,baton,4229776
885,abbey,4224864
886,sauna,4202256
887,cruel,4180956
888,eager,4175668
889,pupil,4167137
890,feast,4166016
891,ankle,4146793
892,blunt,4129800
893,react,4126376
894,flute,4090740
895,harsh,4087715
896,cease,4081957
897,equip,4044391
898,hedge,4041429
899,curry,4029540
900,pouch,4023912
901,spoon,4000406
902,niche,3999108
903,cigar,3993843
904,curse,3982181
905,titan,3974407
906,shout,3965861
907,straw,3958211
908,reuse,3950428
909,peach,3938068
910,uncut,3929056
911,stove,3914849
912,freak,3908219
913,bluff,3906671
914,sadly,3905175
915,avail,3902711
916,hatch,3896261
917,stein,3893544
918,spill,3890646
919,drift,3889505
920,crisp,3880385
921,onset,3858839
922,assay,3855224
923,snack,3847152
924,maxim,3820484
925,slate,3813904
926,pagan,3805644
927,widow,3804620
928,canoe,3790795
929,juicy,3778910
930,moody,3776452
931,pedal,3763705
932,scrap,3757085
933,terra,3747696
934,vapor,3744912
935,aloud,3743858
936,goose,3739382
937,hydro,3725464
938,noisy,3722908
939,abide,3722809
940,bliss,3708978
941,parse,3698919
942,jelly,3698541
943,mania,3688699
944,cheer,3648929
945,clamp,3639509
946,grape,3638159
947,racer,3625077
948,guilt,3623942
949,sweep,3623863
950,lunar,3611744
951,boxer,3592432
952,weigh,3587993
953,rodeo,3587192
954,moose,3581329
955,crush,3576348
956,lever,3566558
957,tasty,3565676
958,tarot,3561389
959,cocoa,3557169
960,hurry,3536968
961,clash,3531117
962,stain,3512824
963,reign,3505605
964,baron,3504549
965,stiff,3492842
966,rabbi,3488700
967,sushi,3488691
968,puffy,3488647
969,elbow,3484326
970,stark,3479265
971,circa,3475462
972,razor,3451657
973,cough,3451640
974,inlet,3433125
975,gloss,3426618
976,porch,3420626
977,eaten,3412832
978,steep,3399504
979,creed,3398609
980,carat,3398374
981,plump,3386553
982,midst,3381410
983,borne,3379421
984,tempo,3372997
985,torch,3360286
986,attic,3347389
987,piper,3346631
988,tenth,3317039
989,cutie,3305791
990,notch,3302495
991,scent,3277212
992,grasp,3270025
993,ounce,3268355
994,toast,3262695
995,kinky,3254161
996,quota,3245515
997,jumbo,3237095
998,flint,3230800
999,dummy,3230609
1000,awake,3230337
1001,burnt,3221640
1002,roast,3205415
1003,petty,3195594
1004,shiny,3192674
1005,smash,3192001
1006,ample,3187842
1007,scarf,3181107
1008,spicy,3170817
1009,beard,3166516
1010,wedge,3162851
1011,hyper,3153749
1012,gamer,3144985
1013,savvy,3140230
1014,fetal,3127968
1015,chord,3123447
1016,comet,3116034
1017,syrup,3108136
1018,erase,3086642
1019,prose,3085898
1020,swear,3082372
1021,clown,3081501
1022,taboo,3079923
1023,dwarf,3072068
1024,dough,3032657
1025,stool,3031945
1026,welch,3031408
1027,horde,3026646
1028,nanny,3025474
1029,roach,3017586
1030,natal,3010028
1031,locus,3009222
1032,prone,3001079
1033,scare,2972708
1034,thief,2970770
1035,motif,2961524
1036,spear,2942538
1037,birch,2936180
1038,slash,2935535
1039,helix,2921411
1040,shook,2917411
1041,zebra,2902469
1042,fetch,2897593
1043,unite,2888724
1044,shear,2886210
1045,trump,2879094
1046,avian,2877167
1047,champ,2867858
1048,recap,2861982
1049,crawl,2859784
1050,hazel,2841268
1051,rupee,2831536
1052,stole,2814273
1053,quasi,2804115
1054,exile,2801261
1055,kappa,2793667
1056,snoop,2787168
1057,vague,2783775
1058,rusty,2780895
1059,sting,2773263
1060,bravo,2772503
1061,basil,2757419
1062,shack,2739743
1063,sleek,2734565
1064,hitch,2730000
1065,tango,2727306
1066,queer,2717979
1067,comma,2711522
1068,freed,2683280
1069,cheek,2681029
1070,bowel,2666510
1071,mafia,2666020
1072,shire,2665081
1073,lipid,2662396
1074,prism,2648058
1075,vegan,2642418
1076,groom,2637912
1077,kayak,2628993
1078,altar,2627835
1079,risen,2619862
1080,rhino,2619135
1081,ruler,2615554
1082,swept,2612095
1083,troop,2609404
1084,arose,2609029
1085,flock,2585098
1086,shave,2580057
1087,swamp,2575587
1088,faint,2565744
1089,gland,2561362
1090,stoke,2552684
1091,nasal,2536094
1092,loser,2529180
1093,jolly,2522092
1094,femme,2521124
1095,siege,2518421
1096,butte,2505600
1097,chalk,2498505
1098,wrath,2486700
1099,grind,2482307
1100,blitz,2476009
1101,rainy,2469088
1102,viola,2458792
1103,rumor,2455494
1104,diver,2452406
1105,blaze,2448412
1106,wreck,2447935
1107,risky,2412508
1108,tulip,2406691
1109,owing,2399321
1110,ditch,2373753
1111,slick,2372634
1112,chunk,2371231
1113,slept,2370802
1114,tenor,2361385
1115,scrub,2360299
1116,cello,2358848
1117,topaz,2348935
1118,dusty,2339959
1119,patty,2339693
1120,crate,2336818
1121,sworn,2332355
1122,beech,2327119
1123,tense,2320926
1124,decal,2311933
1125,fritz,2309089
1126,mover,2309084
1127,fauna,2298940
1128,detox,2297343
1129,quark,2286617
1130,sneak,2280877
1131,octet,2280607
1132,willy,2273954
1133,tidal,2268649
1134,crust,2267452
1135,dolly,2266400
1136,miner,2264812
1137,diner,2261961
1138,mound,2259654
1139,scion,2245350
1140,regal,2236787
1141,curly,2231026
1142,hound,2228633
1143,wharf,2226856
1144,flick,2226500
1145,datum,2226219
1146,maize,2222076
1147,psalm,2220027
1148,swell,2213445
1149,irony,2212193
1150,viper,2201559
1151,gypsy,2201227
1152,flare,2190533
1153,wight,2190271
1154,crank,2185208
1155,brace,2182960
1156,mango,2171900
1157,thigh,2171107
1158,windy,2162674
1159,steer,2159937
1160,vogue,2159792
1161,vodka,2155662
1162,moist,2140516
1163,stall,2114252
1164,serif,2109334
1165,utter,2096533
1166,cater,2092828
1167,pinch,2082769
1168,troll,2079165
1169,filth,2077997
1170,algae,2068644
1171,shady,2059463
1172,erect,2057313
1173,valet,2052690
1174,madam,2023575
1175,tease,2019275
1176,aroma,2018777
1177,dwell,2014411
1178,stair,2012524
1179,rotor,2003039
1180,quart,2002127
1181,bison,2002028
1182,fungi,2000715
1183,greed,1997460
1184,bleed,1989071
1185,incur,1984112
1186,fudge,1969555
1187,weave,1965230
1188,buggy,1955438
1189,slack,1954286
1190,gorge,1950264
1191,banjo,1940675
1192,stout,1939514
1193,stare,1925618
1194,missy,1925451
1195,flair,1924190
1196,aisle,1917319
1197,seize,1908868
1198,spawn,1908837
1199,epoxy,1908076
1200,stony,1907651
1201,crypt,1904607
1202,tying,1898217
1203,diode,1897828
1204,motto,1894147
1205,deter,1887521
1206,furry,1887389
1207,rinse,1885846
1208,venom,1883158
1209,mummy,1878933
1210,ether,1877315
1211,haute,1863024
1212,wacky,1861879
1213,muddy,1860188
1214,shalt,1854326
1215,visor,1850201
1216,naive,1848489
1217,folio,1842202
1218,fiery,1838655
1219,acorn,1825652
1220,basal,1821739
1221,smoky,1818184
1222,flirt,1817719
1223,slang,1817718
1224,finch,1816047
1225,tally,1812605
1226,creep,1811981
1227,agile,1808955
1228,kiosk,1808146
1229,ionic,1808092
1230,stray,1807545
1231,poppy,1805254
1232,forte,1795408
1233,waive,1789027
1234,greet,1784219
1235,lymph,1781845
1236,latch,1777882
1237,drank,1777243
1238,torso,1769562
1239,hinge,1758893
1240,stunt,1754828
1241,witty,1753886
1242,flown,1749635
1243,silky,1749406
1244,repay,1746487
1245,await,1745587
1246,fetus,1744267
1247,cider,1743446
1248,lilac,1738684
1249,pivot,1734444
1250,glide,1731344
1251,creme,1724183
1252,waltz,1723021
1253,blush,1722003
1254,modal,1718570
1255,cadet,1717624
1256,tweak,1705761
1257,trait,1705417
1258,eater,1702828
1259,bezel,1692595
1260,havoc,1692191
1261,sling,1688770
1262,axial,1685087
1263,epoch,1680235
1264,plaid,1679093
1265,fable,1678751
1266,obese,1673406
1267,sober,1672710
1268,tread,1672572
1269,paddy,1668962
1270,otter,1662335
1271,sassy,1657970
1272,dread,1649823
1273,needy,1636137
1274,weary,1632945
1275,tweed,1631867
1276,snowy,1631719
1277,genie,1627726
1278,apron,1617357
1279,husky,1606901
1280,bland,1606490
1281,adept,1595303
1282,ester,1581770
1283,snail,1580640
1284,mower,1579636
1285,swine,1578713
1286,heron,1576813
1287,graft,1576259
1288,envoy,1574245
1289,abort,1569892
1290,duvet,1567578
1291,spade,1567565
1292,glare,1567097
1293,wafer,1554217
1294,stash,1553737
1295,semen,1553302
1296,hover,1553261
1297,agony,1543205
1298,lupus,1538621
1299,bully,1532418
1300,rhyme,1530733
1301,snort,1522943
1302,triad,1519533
1303,cameo,1517437
1304,leach,1516929
1305,fanny,1516099
1306,milky,1515925
1307,navel,1503077
1308,spool,1499516
1309,annoy,1497815
1310,toxin,1495922
1311,axiom,1495473
1312,joker,1492319
1313,brink,1484879
1314,truss,1484384
1315,khaki,1481504
1316,penal,1467202
1317,lapse,1459542
1318,shrub,1458217
1319,finer,1455912
1320,smack,1451860
1321,cloak,1450056
1322,manic,1448525
1323,choke,1448146
1324,gravy,1441099
1325,payer,1439009
1326,glaze,1431525
1327,dizzy,1424316
1328,verge,1422550
1329,nomad,1422041
1330,thorn,1421673
1331,spoil,1419320
1332,sissy,1410911
1333,palsy,1409502
1334,bayou,1397958
1335,tonic,1393402
1336,ditto,1386002
1337,oddly,1385252
1338,undue,1377567
1339,chant,1374428
1340,hutch,1373107
1341,parry,1371591
1342,mamma,1368416
1343,folly,1367992
1344,mural,1367338
1345,wager,1366964
1346,purge,1366135
1347,poser,1361002
1348,perky,1360009
1349,stump,1357079
1350,scalp,1356840
1351,melon,1355214
1352,siren,1354779
1353,clasp,1354393
1354,sonar,1341822
1355,ulcer,1336605
1356,ethic,1333320
1357,opium,1330299
1358,enema,1329511
1359,barge,1319916
1360,slant,1313083
1361,broom,1312361
1362,snare,1311615
1363,shank,1311484
1364,leash,1310125
1365,geese,1299115
1366,mecca,1298392
1367,broth,1297117
1368,taper,1294069
1369,revue,1290094
1370,smear,1289528
1371,slain,1281084
1372,quail,1278967
1373,icing,1277602
1374,strut,1271153
1375,plume,1269109
1376,plank,1265284
1377,enact,1263603
1378,deity,1262430
1379,manly,1260481
1380,peril,1258951
1381,swirl,1251090
1382,abode,1246541
1383,savoy,1246516
1384,comfy,1245404
1385,polka,1242601
1386,nicer,1239249
1387,boast,1239080
1388,perch,1235177
1389,angst,1232364
1390,gecko,1230211
1391,facet,1221287
1392,verve,1218256
1393,spree,1218040
1394,embed,1217930
1395,brute,1216912
1396,butch,1213820
1397,defer,1207925
1398,crave,1199466
1399,salty,1196416
1400,valor,1193133
1401,goofy,1187234
1402,mimic,1187154
1403,vigil,1183443
1404,itchy,1181967
1405,bulky,1181562
1406,booze,1178694
1407,widen,1178278
1408,adore,1176240
1409,fluke,1168887
1410,stomp,1168038
1411,glade,1168016
1412,caste,1166877
1413,druid,1160196
1414,swarm,1158175
1415,ledge,1157598
1416,drown,1156106
1417,abyss,1152408
1418,niece,1151039
1419,flask,1150132
1420,hippo,1146063
1421,plead,1125870
1422,sheen,1124463
1423,medic,1122716
1424,grail,1122474
1425,lapel,1119712
1426,pecan,1118027
1427,chime,1115076
1428,remit,1111713
1429,exert,1109622
1430,pinto,1108872
1431,lucid,1105349
1432,infer,1104540
1433,dandy,1098188
1434,synod,1095269
1435,lousy,1095083
1436,caddy,1094377
1437,bleak,1088632
1438,tramp,1087707
1439,lathe,1073261
1440,bylaw,1070798
1441,crook,1067661
1442,stale,1065657
1443,putty,1065017
1444,patsy,1064602
1445,haste,1059853
1446,prong,1059042
1447,berth,1056010
1448,lingo,1055245
1449,piggy,1053871
1450,lager,1050146
1451,foyer,1042532
1452,brood,1042305
1453,azure,1042257
1454,sniff,1041321
1455,posse,1038358
1456,pixie,1037554
1457,unset,1035406
1458,melee,1034523
1459,llama,1033922
1460,vowel,1033509
1461,fecal,1032064
1462,humid,1026485
1463,guile,1026260
1464,lofty,1018661
1465,moron,1017416
1466,dogma,1016614
1467,winch,1016374
1468,unzip,1014009
1469,floss,1013783
1470,shawl,1011728
1471,pence,1009358
1472,thyme,1007823
1473,ovary,1003163
1474,abbot,992552
1475,magma,992528
1476,arson,989351
1477,geeky,987806
1478,haunt,985188
1479,braid,981945
1480,lefty,978333
1481,vigor,977544
1482,deuce,970434
1483,riser,969986
1484,knoll,965905
1485,inlay,965778
1486,craze,962477
1487,totem,955271
1488,carve,952422
1489,apnea,950562
1490,swish,949054
1491,relic,947341
1492,ethos,946491
1493,cling,946281
1494,nudge,942601
1495,skunk,937406
1496,anvil,936808
1497,stalk,936028
1498,inert,935898
1499,eject,935010
1500,rayon,934490
1501,mocha,933522
1502,squat,925062
1503,pubic,923627
1504,tiara,923335
1505,koala,922217
1506,crock,918524
1507,retry,916420
1508,primo,912120
1509,flank,910609
1510,atoll,908471
1511,spoof,907481
1512,spout,905624
1513,hefty,905281
1514,hoist,905107
1515,agate,900451
1516,swami,900023
1517,feral,897865
1518,truce,897431
1519,petal,895903
1520,pluck,891481
1521,prick,891337
1522,ascot,888745
1523,vixen,885674
1524,bulge,881613
1525,slump,878659
1526,gloom,878018
1527,stink,872742
1528,overt,871540
1529,slime,869502
1530,swung,867135
1531,libel,866830
1532,skier,863046
1533,snuff,861230
1534,talon,858061
1535,stint,855795
1536,sieve,851108
1537,binge,850412
1538,jazzy,849457
1539,limbo,847468
1540,shove,847364
1541,flake,847014
1542,wiser,841127
1543,flung,838045
1544,juror,837876
1545,donut,836168
1546,tenet,834143
1547,chute,834005
1548,mulch,833160
1549,whine,832743
1550,vicar,825292
1551,prank,825027
1552,suing,816011
1553,brine,816003
1554,fluff,814535
1555,unfit,814145
1556,rouse,812361
1557,spiel,811922
1558,scamp,810996
1559,evoke,804417
1560,gully,800734
1561,agora,797585
1562,macho,797523
1563,bagel,792721
1564,amaze,791672
1565,easel,791426
1566,quill,790160
1567,verso,788583
1568,cleft,787981
1569,groin,784476
1570,latte,783412
1571,mourn,779010
1572,girly,778626
1573,blurb,776249
1574,erode,774411
1575,brisk,774000
1576,eerie,772484
1577,shale,769742
1578,anode,768949
1579,crepe,768351
1580,avert,767435
1581,guise,767344
1582,vomit,767124
1583,bongo,767108
1584,shaky,766843
1585,bloke,766763
1586,phony,765758
1587,jetty,765224
1588,rerun,763880
1589,jerky,763325
1590,morph,759670
1591,speck,757962
1592,papal,754586
1593,mogul,753098
1594,droit,750988
1595,frown,742356
1596,privy,742055
1597,sepia,741438
1598,goody,733518
1599,stork,728360
1600,tunic,727598
1601,farce,727546
1602,howdy,726642
1603,whack,725891
1604,drone,725818
1605,godly,725475
1606,spire,725421
1607,stead,724786
1608,shrug,720506
1609,covey,720367
1610,wince,717079
1611,bosom,712863
1612,picky,711200
1613,lumen,710305
1614,tonal,707113
1615,foggy,704386
1616,shone,704369
1617,leafy,704018
1618,trove,702353
1619,filer,702264
1620,lusty,702157
1621,steed,701658
1622,hasty,700024
1623,munch,699127
1624,clove,698870
1625,leech,698609
1626,giver,698546
1627,nymph,697326
1628,frail,696174
1629,churn,694218
1630,awoke,688520
1631,parka,688453
1632,prune,688443
1633,cairn,688283
1634,nutty,686428
1635,sever,686306
1636,fling,682999
1637,drier,679179
1638,crumb,673404
1639,pinky,672775
1640,grate,672155
1641,fiend,670385
1642,pique,664313
1643,swore,663914
1644,fishy,658490
1645,filmy,657205
1646,timid,657204
1647,leaky,650957
1648,molar,650262
1649,gulch,647573
1650,bribe,646492
1651,aorta,641057
1652,delve,640909
1653,crimp,640746
1654,clout,639706
1655,fella,639391
1656,glyph,632257
1657,plumb,631703
1658,unify,631185
1659,briar,630788
1660,junta,629394
1661,grout,628986
1662,taker,625940
1663,scorn,622924
1664,whirl,622629
1665,tibia,620778
1666,pesky,619402
1667,knack,616898
1668,rivet,616847
1669,grunt,616546
1670,rabid,612676
1671,cumin,612220
1672,payee,611882
1673,hippy,608617
1674,roost,608008
1675,evade,605626
1676,shunt,604152
1677,tawny,602308
1678,mucus,600467
1679,aptly,598371
1680,liege,598284
1681,sheik,596893
1682,piety,595389
1683,froze,594804
1684,tacit,594255
1685,whisk,591308
1686,unmet,590631
1687,mauve,589931
1688,spore,589081
1689,crept,588735
1690,bugle,583867
1691,radii,575939
1692,roomy,574188
1693,lasso,573529
1694,bevel,571985
1695,dodgy,571643
1696,brawl,567755
1697,tubal,566730
1698,chore,565322
1699,octal,557500
1700,gauze,556178
1701,amuse,554922
1702,fixer,554896
1703,idiom,554390
1704,trawl,553588
1705,gamut,553397
1706,filet,550472
1707,lorry,549887
1708,saute,546457
1709,revel,546018
1710,madly,545418
1711,gripe,545043
1712,lowly,543486
1713,scant,543285
1714,flier,542812
1715,amity,540428
1716,drool,539170
1717,zonal,536783
1718,freer,534734
1719,murky,532036
1720,cabal,531622
1721,cynic,525906
1722,pesto,521625
1723,bough,520067
1724,sloth,519428
1725,tacky,519106
1726,chasm,517410
1727,masse,515818
1728,decoy,514956
1729,grime,514156
1730,rigor,513599
1731,gusto,512932
1732,dwelt,512083
1733,hilly,511265
1734,prawn,510828
1735,rowdy,510507
1736,torus,509986
1737,chock,508651
1738,curio,506765
1739,voila,506278
1740,savor,506115
1741,tabby,504455
1742,gourd,502106
1743,foray,499808
1744,filly,499537
1745,aloft,497342
1746,slurp,495920
1747,bathe,494252
1748,girth,492919
1749,brunt,489270
1750,ember,488846
1751,islet,488105
1752,caper,485193
1753,quack,484886
1754,drape,484861
1755,giddy,483433
1756,broil,479526
1757,cacti,478989
1758,jiffy,475865
1759,saucy,474568
1760,askew,473664
1761,groan,473578
1762,abate,470646
1763,mossy,470059
1764,hater,467834
1765,expel,467751
1766,swoop,467481
1767,gumbo,467464
1768,adorn,464591
1769,larva,462298
1770,growl,461820
1771,brash,461753
1772,chard,459373
1773,sully,458846
1774,inept,458533
1775,thump,456603
1776,salvo,454555
1777,fleck,454043
1778,alibi,448710
1779,credo,446499
1780,femur,446209
1781,bushy,445882
1782,golem,444797
1783,affix,444121
1784,quirk,444069
1785,flaky,442666
1786,repel,439316
1787,puree,438733
1788,swath,438339
1789,harem,435962
1790,fussy,435961
1791,shoal,435185
1792,heady,434375
1793,hoard,433375
1794,spelt,431427
1795,nerdy,431324
1796,knelt,429464
1797,cinch,427247
1798,scrum,425870
1799,snipe,425778
1800,salve,423303
1801,friar,422181
1802,pygmy,421975
1803,pansy,420775
1804,dingo,420174
1805,baggy,419677
1806,heist,419629
1807,wield,419233
1808,adage,419158
1809,budge,418361
1810,kneel,417602
1811,batty,416010
1812,twine,415457
1813,agape,414471
1814,bilge,412304
1815,scour,411478
1816,leapt,411241
1817,taffy,411033
1818,boney,409772
1819,bitty,409188
1820,flack,408860
1821,crass,408565
1822,rumba,404980
1823,spunk,404915
1824,stung,404657
1825,smirk,403780
1826,cramp,402123
1827,fugue,400733
1828,penne,400010
1829,bleep,397961
1830,igloo,397625
1831,allot,396325
1832,meaty,395095
1833,egret,394773
1834,piney,394672
1835,felon,392714
1836,spasm,391339
1837,dusky,390563
1838,slush,389608
1839,vouch,388963
1840,gipsy,387772
1841,ruddy,387590
1842,fjord,387543
1843,dirge,384505
1844,edict,382916
1845,shrew,382770
1846,mirth,381439
1847,booby,379438
1848,conch,379190
1849,corny,378659
1850,noose,378201
1851,recur,378119
1852,taint,375008
1853,crier,374599
1854,beset,373969
1855,ramen,373754
1856,ladle,372653
1857,surly,372213
1858,cleat,371970
1859,beefy,366863
1860,spiny,366114
1861,clung,365864
1862,graze,364990
1863,afoot,364417
1864,woken,364304
1865,hotly,364264
1866,stave,363443
1867,crick,362258
1868,stoop,360440
1869,curvy,360365
1870,tithe,359291
1871,idler,358013
1872,gleam,356949
1873,tamer,355602
1874,trice,354532
1875,nadir,353146
1876,gavel,352668
1877,splat,350981
1878,vying,348440
1879,pooch,348386
1880,ensue,347067
1881,slimy,346686
1882,clump,345355
1883,tilde,344748
1884,prowl,343421
1885,dimly,342692
1886,hymen,341598
1887,forgo,340426
1888,poise,339263
1889,duchy,339003
1890,etude,338721
1891,gaunt,338487
1892,suave,336960
1893,tulle,336799
1894,gooey,335656
1895,tangy,333638
1896,artsy,333481
1897,whoop,331753
1898,cacao,331714
1899,soggy,331525
1900,beret,330199
1901,golly,329846
1902,crump,328553
1903,mince,328039
1904,hunch,327195
1905,spurt,325911
1906,umbra,321800
1907,amply,321480
1908,inane,319343
1909,spook,318653
1910,olden,318215
1911,reedy,316918
1912,wreak,316442
1913,bloat,315923
1914,wench,310447
1915,midge,308737
1916,sleet,305148
1917,soapy,303519
1918,tardy,303140
1919,smelt,301053
1920,yearn,300957
1921,erupt,300083
1922,lumpy,296904
1923,heave,296454
1924,rarer,296244
1925,coven,295821
1926,elegy,295636
1927,sloop,295505
1928,taunt,295148
1929,aphid,295138
1930,myrrh,294893
1931,chaff,294863
1932,showy,294798
1933,emcee,294621
1934,spied,294373
1935,aloof,294291
1936,snore,294125
1937,quell,292803
1938,posit,292597
1939,downy,288639
1940,lemur,287912
1941,terse,287692
1942,utile,287546
1943,trite,287494
1944,shard,287428
1945,dowel,285802
1946,seedy,284954
1947,quoth,282770
1948,ditty,281979
1949,skiff,281833
1950,gummy,281705
1951,rebar,281535
1952,hunky,279599
1953,tipsy,279464
1954,cress,279364
1955,ficus,278867
1956,froth,278469
1957,smote,276278
1958,axion,276049
1959,mushy,275321
1960,dowry,275011
1961,snuck,274495
1962,awash,274221
1963,aback,272920
1964,scaly,272847
1965,glint,272373
1966,stoic,272080
1967,amiss,271389
1968,livid,270785
1969,smite,270393
1970,chump,270215
1971,hyena,268889
1972,pleat,266830
1973,swash,265955
1974,clank,265523
1975,blimp,263458
1976,loopy,263368
1977,macaw,261749
1978,plier,260940
1979,banal,260129
1980,guava,259541
1981,wimpy,258895
1982,snout,258314
1983,bigot,258267
1984,wooly,256170
1985,irate,256072
1986,pushy,255990
1987,dingy,255349
1988,truer,254461
1989,slung,253265
1990,burly,250632
1991,mange,250483
1992,gaudy,248813
1993,swoon,248694
1994,kebab,248067
1995,ghoul,247064
1996,clack,246726
1997,whiff,246582
1998,caulk,245944
1999,tuber,243798
2000,plied,243191
2001,twang,243118
2002,ombre,243069
2003,gouge,240551
2004,chirp,240510
2005,halve,240290
2006,rower,239796
2007,aunty,239524
2008,snide,238032
2009,gruff,237505
2010,buxom,237464
2011,musty,237343
2012,knead,235592
2013,rebut,235254
2014,segue,234120
2015,twirl,234072
2016,ingot,234052
2017,guppy,233792
2018,glean,232952
2019,pasty,231237
2020,crone,229759
2021,rebus,227042
2022,foamy,226531
2023,lurid,226354
2024,whiny,225341
2025,miser,222219
2026,tepid,220695
2027,smock,220361
2028,sooty,220245
2029,covet,219812
2030,minty,218953
2031,waver,217064
2032,conic,216832
2033,sappy,216405
2034,elude,215496
2035,tripe,215448
2036,spilt,214786
2037,shyly,213165
2038,scone,213031
2039,throb,212889
2040,evict,211591
2041,neigh,211412
2042,balmy,210906
2043,zesty,210124
2044,canny,209480
2045,krill,208654
2046,moldy,208515
2047,tryst,205722
2048,lurch,204983
2049,quash,204823
2050,sneer,203583
2051,allay,203474
2052,decry,203238
2053,gusty,202515
2054,leper,200592
2055,lunge,199129
2056,polyp,197981
2057,refit,197564
2058,slink,196197
2059,droll,196087
2060,endow,195844
2061,joist,194739
2062,fizzy,194519
2063,offal,194416
2064,staid,194345
2065,pithy,194285
2066,shirk,194196
2067,exalt,193526
2068,begat,191296
2069,ripen,191197
2070,brawn,191036
2071,wring,188579
2072,stilt,188393
2073,clang,187651
2074,humus,186734
2075,frock,185379
2076,wrest,185267
2077,ashen,184747
2078,snarl,184639
2079,leggy,182670
2080,amass,181774
2081,iliac,181298
2082,spiky,181090
2083,sumac,181045
2084,wordy,180947
2085,jaunt,180434
2086,louse,178544
2087,scoff,177728
2088,musky,177529
2089,furor,177433
2090,udder,175766
2091,biome,174268
2092,flume,173970
2093,borax,172497
2094,usurp,171456
2095,scold,170208
2096,croak,169181
2097,abhor,169167
2098,dopey,169040
2099,tweet,168757
2100,leery,168700
2101,elfin,168528
2102,jumpy,168187
2103,testy,167487
2104,minim,165667
2105,clink,164177
2106,bossy,163576
2107,bicep,162754
2108,dicey,161963
2109,dowdy,161797
2110,dilly,161256
2111,bawdy,160667
2112,joust,160309
2113,weedy,160228
2114,grope,160148
2115,afoul,159727
2116,rajah,157089
2117,sulky,156355
2118,droop,156194
2119,flail,155382
2120,ardor,155258
2121,dross,154345
2122,baler,153800
2123,atone,152901
2124,paler,152772
2125,frisk,152512
2126,loath,151677
2127,exult,151420
2128,extol,149713
2129,knave,149542
2130,croup,149483
2131,ratty,148678
2132,scree,148396
2133,antic,147936
2134,recut,146984
2135,ovine,146663
2136,untie,146576
2137,annul,146490
2138,lanky,146488
2139,outdo,146433
2140,mammy,145805
2141,ennui,145576
2142,purer,145370
2143,bleat,144793
2144,sprig,143773
2145,ovate,143727
2146,dally,142954
2147,shorn,142311
2148,amble,141586
2149,sooth,141125
2150,aider,140957
2151,scram,139774
2152,grimy,139160
2153,loamy,138014
2154,biddy,137910
2155,crony,137861
2156,teary,137396
2157,sower,137381
2158,satyr,136838
2159,lithe,135670
2160,cluck,134048
2161,gaffe,132748
2162,liken,132264
2163,nosey,132182
2164,toddy,131875
2165,gaily,131276
2166,tatty,130077
2167,gazer,129741
2168,junto,128329
2169,undid,126166
2170,betel,126006
2171,unwed,125824
2172,clued,125391
2173,creak,124122
2174,eclat,123738
2175,abled,122479
2176,wrung,121159
2177,augur,120764
2178,idyll,120651
2179,beget,119815
2180,wispy,119494
2181,chafe,118832
2182,nobly,118764
2183,feign,116753
2184,mealy,116752
2185,boule,116726
2186,shuck,116293
2187,scowl,115386
2188,belch,115135
2189,afire,113772
2190,gloat,113594
2191,squib,112968
2192,dunce,112570
2193,drawl,112289
2194,warty,111349
2195,mucky,111308
2196,vapid,110502
2197,aglow,110328
2198,trope,109419
2199,catty,107679
2200,skimp,107336
2201,harpy,107008
2202,singe,106880
2203,plunk,106835
2204,caput,105633
2205,raspy,105094
2206,ovoid,105072
2207,imbue,105068
2208,acrid,104638
2209,matey,104596
2210,belie,103562
2211,slyly,103507
2212,shied,103457
2213,opine,103450
2214,plait,103227
2215,scald,101839
2216,leant,101406
2217,stank,100733
2218,frill,99652
2219,dryly,96792
2220,corer,96129
2221,gonad,95676
2222,baste,95369
2223,cower,95006
2224,deign,94806
2225,unlit,94251
2226,wryly,93928
2227,prude,93351
2228,botch,92410
2229,swill,92032
2230,copse,90567
2231,ruder,89666
2232,pudgy,89451
2233,dumpy,88067
2234,beady,87974
2235,tapir,86809
2236,blurt,86781
2237,frond,86555
2238,impel,86447
2239,hussy,85775
2240,saner,84491
2241,pried,82841
2242,gruel,82196
2243,goner,80810
2244,bluer,80668
2245,flunk,79790
2246,spurn,79323
2247,hovel,76694
2248,stunk,76458
2249,fetid,75712
2250,moult,75151
2251,elope,74984
2252,sinew,74869
2253,riper,74056
2254,twixt,73594
2255,preen,73524
2256,surer,73497
2257,woozy,72439
2258,flout,72396
2259,boozy,71828
2260,kneed,71162
2261,whelp,70407
2262,pouty,69818
2263,edify,69341
2264,oaken,69075
2265,wrack,68820
2266,pupal,68283
2267,briny,66915
2268,cagey,66504
2269,dully,66436
2270,chide,66368
2271,gassy,63283
2272,bused,62772
2273,poesy,62166
2274,gayer,62075
2275,cabby,61542
2276,odder,60826
2277,humph,60767
2278,gnash,60339
2279,shush,60031
2280,foist,55908
2281,mangy,55682
2282,debar,52384
2283,coyly,52174
2284,tepee,52048
2285,slosh,51634
2286,blare,49365
2287,rearm,45604
2288,demur,45556
2289,aping,42534
2290,pulpy,41088
2291,slunk,40167
2292,daunt,38855
2293,ninny,38726
2294,parer,38034
2295,retch,37821
2296,qualm,34744
2297,outgo,34007
2298,waxen,31767
2299,gawky,31136
2300,eying,31044
2301,befit,31021
2302,abase,29383
2303,gayly,29264
2304,thrum,28106
2305,cavil,27985
2306,eking,26695
2307,skulk,24018
2308,elide,23795
2309,icily,21127
2310,unfed,20266
2311,snaky,18580
2312,vaunt,17134
2313,elate,16161
2314,wooer,16161
